workload,variant,structure,n,time_ms,steps,moves,comparisons
W1,-,DynamicArray,100,0.352700,10000,0,0
W1,-,MyLinkedList,100,1.270100,245029,0,0
W2,-,DynamicArray,100,0.618600,75502,0,75502
W2,-,MyLinkedList,100,0.702400,150778,0,75639
W3,head,DynamicArray,100,0.273700,2399000,1200000,0
W3,head,MyLinkedList,100,0.142800,0,6000,0
W3,middle,DynamicArray,100,0.603300,2199000,1100000,0
W3,middle,MyLinkedList,100,0.348300,99999,8000,0
W4,-,MinHeap,100,0.174800,3118,1673,918
W1,-,DynamicArray,1000,0.353600,10000,0,0
W1,-,MyLinkedList,1000,4.650800,2477682,0,0
W2,-,DynamicArray,1000,0.513000,748982,0,748982
W2,-,MyLinkedList,1000,0.875000,1520070,0,760285
W3,head,DynamicArray,1000,0.316600,5999000,3000000,0
W3,head,MyLinkedList,1000,1.158700,0,6000,0
W3,middle,DynamicArray,1000,0.229100,3999000,2000000,0
W3,middle,MyLinkedList,1000,1.098200,999999,8000,0
W4,-,MinHeap,1000,0.537900,52934,27968,16311
W1,-,DynamicArray,10000,0.376600,10000,0,0
W1,-,MyLinkedList,10000,28.525600,24907418,0,0
W2,-,DynamicArray,10000,5.616000,7467028,0,7467028
W2,-,MyLinkedList,10000,8.946700,15206236,0,7603368
W3,head,DynamicArray,10000,2.686400,41999000,21000000,0
W3,head,MyLinkedList,10000,0.037600,0,6000,0
W3,middle,DynamicArray,10000,1.459900,21999000,11000000,0
W3,middle,MyLinkedList,10000,10.731000,9999999,8000,0
W4,-,MinHeap,10000,1.422100,728362,379124,229473
W1,-,DynamicArray,100000,0.919200,10000,0,0
W1,-,MyLinkedList,100000,284.146100,251581935,0,0
W2,-,DynamicArray,100000,36.876200,73856008,0,73856008
W2,-,MyLinkedList,100000,99.260100,149957420,0,74978960
W3,head,DynamicArray,100000,17.972300,401999000,201000000,0
W3,head,MyLinkedList,100000,0.011200,0,6000,0
W3,middle,DynamicArray,100000,5.297100,201999000,101000000,0
W3,middle,MyLinkedList,100000,99.380200,99999999,8000,0
W4,-,MinHeap,100000,9.818700,9277490,4786844,2959797
